{"flchain_prediction": {"event": {"flchain_prediction_event_c-index": 0.7725792381506252, "flchain_prediction_event_loss": 1.064335823059082}}, "average": {"average": {"loss-average": 1.064335823059082, "perf-average": 0.7725792381506252}}}