{"flchain_prediction": {"event": {"flchain_prediction_event_c-index": 0.7793835401535034, "flchain_prediction_event_ibs": 0.08439504355192184, "flchain_prediction_event_td-cindex": 0.7847883105278015, "flchain_prediction_event_td-auc": 0.8100277185440063, "flchain_prediction_event_loss": 1.0828990936279297}}, "average": {"average": {"loss-average": 1.0828990936279297, "perf-average": 0.7793835401535034}}}