{"flchain_prediction": {"event": {"flchain_prediction_event_c-index": 0.7445153010066979, "flchain_prediction_event_loss": 1.1750385761260986}}, "average": {"average": {"loss-average": 1.1750385761260986, "perf-average": 0.7445153010066979}}}