{"flchain_prediction": {"event": {"flchain_prediction_event_c-index": 0.7594649607444024, "flchain_prediction_event_loss": 1.0679466724395752}}, "average": {"average": {"loss-average": 1.0679466724395752, "perf-average": 0.7594649607444024}}}