{"flchain_prediction": {"event": {"flchain_prediction_event_c-index": 0.7766501890084326, "flchain_prediction_event_ibs": 0.10460979491777972, "flchain_prediction_event_td-cindex": 0.7791862841046657, "flchain_prediction_event_td-auc": 0.7770665445146713, "flchain_prediction_event_loss": 1.0772112607955933}}, "average": {"average": {"loss-average": 1.0772112607955933, "perf-average": 0.7766501890084326}}}