{"flchain_prediction": {"event": {"flchain_prediction_event_c-index": 0.7766501903533936, "flchain_prediction_event_ibs": 0.08538197726011276, "flchain_prediction_event_td-cindex": 0.7791860103607178, "flchain_prediction_event_td-auc": 0.8068330883979797, "flchain_prediction_event_loss": 1.0772112607955933}}, "average": {"average": {"loss-average": 1.0772112607955933, "perf-average": 0.7766501903533936}}}