{"poker_prediction": {"CLASS": {"poker_prediction_CLASS_mcc": 0.9687455612409788, "poker_prediction_CLASS_acc": 0.9823439823439823, "poker_prediction_CLASS_roc-auc-macro": 0.9190010219368341, "poker_prediction_CLASS_ap-macro": 0.46913874209974243, "poker_prediction_CLASS_loss": 0.07824411988258362}}, "average": {"average": {"loss-average": 0.07824411988258362, "perf-average": 0.7856284417591851}}}