{"poker_prediction": {"CLASS": {"poker_prediction_CLASS_mcc": 0.983437781317114, "poker_prediction_CLASS_acc": 0.9906229906229906, "poker_prediction_CLASS_roc-auc-macro": 0.9318260448600254, "poker_prediction_CLASS_ap-macro": 0.5945975677940389, "poker_prediction_CLASS_loss": 0.043404918164014816}}, "average": {"average": {"loss-average": 0.043404918164014816, "perf-average": 0.8366204646570594}}}