{"poker_prediction": {"CLASS": {"poker_prediction_CLASS_mcc": 0.9680973871971315, "poker_prediction_CLASS_acc": 0.981973981973982, "poker_prediction_CLASS_roc-auc-macro": 0.9180664430602719, "poker_prediction_CLASS_ap-macro": 0.48480231012463443, "poker_prediction_CLASS_loss": 0.08371587842702866}}, "average": {"average": {"loss-average": 0.08371587842702866, "perf-average": 0.7903220467940126}}}