{"poker_prediction": {"CLASS": {"poker_prediction_CLASS_mcc": 0.9495673641997162, "poker_prediction_CLASS_acc": 0.9715299715299716, "poker_prediction_CLASS_roc-auc-macro": 0.9113918937144893, "poker_prediction_CLASS_ap-macro": 0.43574561088996494, "poker_prediction_CLASS_loss": 0.11538135260343552}}, "average": {"average": {"loss-average": 0.11538135260343552, "perf-average": 0.7655682896013901}}}