{"poker_prediction": {"CLASS": {"poker_prediction_CLASS_mcc": 0.9764762120270568, "poker_prediction_CLASS_acc": 0.9867019867019867, "poker_prediction_CLASS_roc-auc-macro": 0.9194424325774451, "poker_prediction_CLASS_ap-macro": 0.49492789001914594, "poker_prediction_CLASS_loss": 0.06909216940402985}}, "average": {"average": {"loss-average": 0.06909216940402985, "perf-average": 0.7969488448745493}}}