{"poker_prediction": {"CLASS": {"poker_prediction_CLASS_mcc": 0.9592161436292977, "poker_prediction_CLASS_acc": 0.976983976983977, "poker_prediction_CLASS_roc-auc-macro": 0.9157145613560147, "poker_prediction_CLASS_ap-macro": 0.46750989937458504, "poker_prediction_CLASS_loss": 0.09942075610160828}}, "average": {"average": {"loss-average": 0.09942075610160828, "perf-average": 0.7808135347866325}}}