{"poker_prediction": {"CLASS": {"poker_prediction_CLASS_mcc": 0.9838881835171853, "poker_prediction_CLASS_acc": 0.9908789908789909, "poker_prediction_CLASS_roc-auc-macro": 0.9286121987160363, "poker_prediction_CLASS_ap-macro": 0.5512452522784539, "poker_prediction_CLASS_loss": 0.03947455435991287}}, "average": {"average": {"loss-average": 0.03947455435991287, "perf-average": 0.8212485448372252}}}