{"poker_prediction": {"CLASS": {"poker_prediction_CLASS_mcc": 0.9795123516466174, "poker_prediction_CLASS_acc": 0.9884109884109884, "poker_prediction_CLASS_roc-auc-macro": 0.9374045355611936, "poker_prediction_CLASS_ap-macro": 0.5638743809551787, "poker_prediction_CLASS_loss": 0.04310685396194458}}, "average": {"average": {"loss-average": 0.04310685396194458, "perf-average": 0.8269304227209966}}}