{"poker_prediction": {"CLASS": {"poker_prediction_CLASS_mcc": 0.981885141539836, "poker_prediction_CLASS_acc": 0.9897459897459897, "poker_prediction_CLASS_roc-auc-macro": 0.9290761712622213, "poker_prediction_CLASS_ap-macro": 0.5669042208423734, "poker_prediction_CLASS_loss": 0.04536255821585655}}, "average": {"average": {"loss-average": 0.04536255821585655, "perf-average": 0.8259551778814769}}}