{"poker_prediction": {"CLASS": {"poker_prediction_CLASS_mcc": 0.984860510982688, "poker_prediction_CLASS_acc": 0.9914279914279914, "poker_prediction_CLASS_roc-auc-macro": 0.9389723219343141, "poker_prediction_CLASS_ap-macro": 0.5536359793651158, "poker_prediction_CLASS_loss": 0.03664463013410568}}, "average": {"average": {"loss-average": 0.03664463013410568, "perf-average": 0.8258229374273727}}}