{"poker_prediction": {"CLASS": {"poker_prediction_CLASS_mcc": 0.9644508846364627, "poker_prediction_CLASS_acc": 0.9799319799319799, "poker_prediction_CLASS_roc-auc-macro": 0.9171988547648481, "poker_prediction_CLASS_ap-macro": 0.4738984488054876, "poker_prediction_CLASS_loss": 0.09111889451742172}}, "average": {"average": {"loss-average": 0.09111889451742172, "perf-average": 0.7851827294022661}}}