{"poker_prediction": {"CLASS": {"poker_prediction_CLASS_mcc": 0.9730501851324761, "poker_prediction_CLASS_acc": 0.9847669847669848, "poker_prediction_CLASS_roc-auc-macro": 0.9152599766550736, "poker_prediction_CLASS_ap-macro": 0.47090507539026893, "poker_prediction_CLASS_loss": 0.07204657047986984}}, "average": {"average": {"loss-average": 0.07204657047986984, "perf-average": 0.7864050790592729}}}