{
    "result": [
        {
            "pet_adoption": {
                "AdoptionSpeed": {
                    "A: 0-7 Days": 0.5721971392631531,
                    "B: 8-30 Days": 0.22413450479507446,
                    "C: 31-90 Days": 0.1674654334783554,
                    "D: 100+ Days": 0.03620290011167526
                }
            }
        }
    ]
}