{
    "result": [
        {
            "pet_adoption": {
                "AdoptionSpeed": {
                    "A: 0-7 Days": 0.24480603635311127,
                    "B: 8-30 Days": 0.3279886245727539,
                    "C: 31-90 Days": 0.25577759742736816,
                    "D: 100+ Days": 0.17142774164676666
                }
            }
        }
    ]
}