{
    "result": [
        {
            "pet_adoption": {
                "AdoptionSpeed": {
                    "A: 0-7 Days": 0.2518094778060913,
                    "B: 8-30 Days": 0.31764787435531616,
                    "C: 31-90 Days": 0.2539965808391571,
                    "D: 100+ Days": 0.17654608190059662
                }
            }
        }
    ]
}