{
    "result": [
        {
            "pet_adoption": {
                "AdoptionSpeed": {
                    "A: 0-7 Days": 0.6664834022521973,
                    "B: 8-30 Days": 0.26274073123931885,
                    "C: 31-90 Days": 0.037846874445676804,
                    "D: 100+ Days": 0.032928939908742905
                }
            }
        }
    ]
}