{
    "result": [
        {
            "pet_adoption": {
                "AdoptionSpeed": {
                    "A: 0-7 Days": 0.25180941820144653,
                    "B: 8-30 Days": 0.3176479935646057,
                    "C: 31-90 Days": 0.25399652123451233,
                    "D: 100+ Days": 0.17654605209827423
                }
            }
        }
    ]
}