{
    "result": [
        {
            "pet_adoption": {
                "AdoptionSpeed": {
                    "A: 0-7 Days": 0.3055402338504791,
                    "B: 8-30 Days": 0.22344061732292175,
                    "C: 31-90 Days": 0.18260253965854645,
                    "D: 100+ Days": 0.28841665387153625
                }
            }
        }
    ]
}