{
    "result": [
        {
            "pet_adoption": {
                "AdoptionSpeed": {
                    "A: 0-7 Days": 0.5710973739624023,
                    "B: 8-30 Days": 0.2250237911939621,
                    "C: 31-90 Days": 0.16781479120254517,
                    "D: 100+ Days": 0.036064013838768005
                }
            }
        }
    ]
}