{
    "result": [
        {
            "pet_adoption": {
                "AdoptionSpeed": {
                    "A: 0-7 Days": 0.28170499205589294,
                    "B: 8-30 Days": 0.259663462638855,
                    "C: 31-90 Days": 0.24683967232704163,
                    "D: 100+ Days": 0.21179185807704926
                }
            }
        }
    ]
}