{
    "result": [
        {
            "pet_adoption": {
                "AdoptionSpeed": {
                    "A: 0-7 Days": 0.3811804950237274,
                    "B: 8-30 Days": 0.36154744029045105,
                    "C: 31-90 Days": 0.20716112852096558,
                    "D: 100+ Days": 0.05011090636253357
                }
            }
        }
    ]
}