{
    "result": [
        {
            "pet_adoption": {
                "AdoptionSpeed": {
                    "A: 0-7 Days": 0.3201998770236969,
                    "B: 8-30 Days": 0.2339731752872467,
                    "C: 31-90 Days": 0.17467695474624634,
                    "D: 100+ Days": 0.2711499333381653
                }
            }
        }
    ]
}