{
    "result": [
        {
            "ancestry_output": {
                "Origin": {
                    "Asia": 0.0537664033472538,
                    "Eastern_Asia": 0.0051051112823188305,
                    "Europe": 0.8778964877128601,
                    "Latin_America_and_the_Caribbean": 0.005361628718674183,
                    "Middle_East": 0.056034158915281296,
                    "Sub-Saharan_Africa": 0.0018361984984949231
                }
            }
        }
    ]
}