{
    "result": [
        {
            "ancestry_output": {
                "Origin": {
                    "Asia": 0.03160104528069496,
                    "Eastern_Asia": 0.0023458676878362894,
                    "Europe": 0.7806214690208435,
                    "Latin_America_and_the_Caribbean": 0.004000751301646233,
                    "Middle_East": 0.17978160083293915,
                    "Sub-Saharan_Africa": 0.0016492855502292514
                }
            }
        }
    ]
}