{
    "result": [
        {
            "ancestry_output": {
                "Origin": {
                    "Asia": 0.023636797443032265,
                    "Eastern_Asia": 0.002438952215015888,
                    "Europe": 0.9032291769981384,
                    "Latin_America_and_the_Caribbean": 0.014887194149196148,
                    "Middle_East": 0.05435054749250412,
                    "Sub-Saharan_Africa": 0.001457291655242443
                }
            }
        }
    ]
}