{
    "result": [
        {
            "imdb_output": {
                "Sentiment": {
                    "Negative": 0.11657840758562088,
                    "Positive": 0.8834216594696045
                }
            }
        }
    ]
}