{
    "result": [
        {
            "imdb_output": {
                "Sentiment": {
                    "Negative": 0.29528334736824036,
                    "Positive": 0.704716682434082
                }
            }
        }
    ]
}