{
    "result": [
        {
            "imdb_output": {
                "Sentiment": {
                    "Negative": 0.4255563020706177,
                    "Positive": 0.5744436979293823
                }
            }
        }
    ]
}