{
    "result": [
        {
            "imdb_output": {
                "Sentiment": {
                    "Negative": 0.08008581399917603,
                    "Positive": 0.919914186000824
                }
            }
        }
    ]
}