{
    "result": [
        {
            "imdb_output": {
                "Sentiment": {
                    "Negative": 0.24236497282981873,
                    "Positive": 0.7576350569725037
                }
            }
        }
    ]
}