{
    "result": [
        {
            "imdb_output": {
                "Sentiment": {
                    "Negative": 0.2620399594306946,
                    "Positive": 0.7379600405693054
                }
            }
        }
    ]
}