{
    "result": [
        {
            "imdb_output": {
                "Sentiment": {
                    "Negative": 0.14751224219799042,
                    "Positive": 0.8524877429008484
                }
            }
        }
    ]
}