{
    "result": [
        {
            "imdb_output": {
                "Sentiment": {
                    "Negative": 0.11657881736755371,
                    "Positive": 0.8834211826324463
                }
            }
        }
    ]
}