{
    "result": [
        {
            "imdb_output": {
                "Sentiment": {
                    "Negative": 0.42333272099494934,
                    "Positive": 0.5766672492027283
                }
            }
        }
    ]
}