{"ancestry_output": {"Origin": {"ancestry_output_Origin_mcc": 0.8160797511769522, "ancestry_output_Origin_acc": 0.8476243504083147, "ancestry_output_Origin_roc-auc-macro": 0.9804086097828779, "ancestry_output_Origin_ap-macro": 0.9146223608645606}}}