{"ancestry_output": {"Origin": {"ancestry_output_Origin_mcc": 0.8718158617166525, "ancestry_output_Origin_acc": 0.8938381588715665, "ancestry_output_Origin_roc-auc-macro": 0.9891280209537254, "ancestry_output_Origin_ap-macro": 0.9437435988532853, "ancestry_output_Origin_loss": 0.30959850549697876}}, "average": {"average": {"loss-average": 0.30959850549697876, "perf-average": 0.9348958271745544}}}