{"ancestry_output": {"Origin": {"ancestry_output_Origin_mcc": 0.8088706262245069, "ancestry_output_Origin_acc": 0.8426132145508537, "ancestry_output_Origin_roc-auc-macro": 0.9784604558804729, "ancestry_output_Origin_ap-macro": 0.8886220211774699, "ancestry_output_Origin_loss": 0.4458584189414978}}, "average": {"average": {"loss-average": 0.4458584189414978, "perf-average": 0.8919843677608166}}}