{"ancestry_output": {"Origin": {"ancestry_output_Origin_mcc": 0.8746216045087754, "ancestry_output_Origin_acc": 0.8966221232368226, "ancestry_output_Origin_roc-auc-macro": 0.9891791491808976, "ancestry_output_Origin_ap-macro": 0.9453594382357499, "ancestry_output_Origin_loss": 0.3013431131839752}}, "average": {"average": {"loss-average": 0.3013431131839752, "perf-average": 0.9363867306418076}}}