{"ancestry_output": {"Origin": {"ancestry_output_Origin_mcc": 0.8095522288731213, "ancestry_output_Origin_acc": 0.8437268002969562, "ancestry_output_Origin_roc-auc-macro": 0.9782001450185865, "ancestry_output_Origin_ap-macro": 0.8893951592368884, "ancestry_output_Origin_loss": 0.4417797029018402}}, "average": {"average": {"loss-average": 0.4417797029018402, "perf-average": 0.8923825110428654}}}