{"ancestry_output": {"Origin": {"ancestry_output_Origin_mcc": 0.8556127618946426, "ancestry_output_Origin_acc": 0.8810319227913883, "ancestry_output_Origin_roc-auc-macro": 0.9881070000149058, "ancestry_output_Origin_ap-macro": 0.942530448873519, "ancestry_output_Origin_loss": 0.33272454142570496}}, "average": {"average": {"loss-average": 0.33272454142570496, "perf-average": 0.9287500702610225}}}