{"ancestry_output": {"Origin": {"ancestry_output_Origin_mcc": 0.7955203314311426, "ancestry_output_Origin_acc": 0.8329621380846325, "ancestry_output_Origin_roc-auc-macro": 0.9767337408348471, "ancestry_output_Origin_ap-macro": 0.883609877068874, "ancestry_output_Origin_loss": 0.4805041253566742}}, "average": {"average": {"loss-average": 0.4805041253566742, "perf-average": 0.8852879831116213}}}