{"ancestry_output": {"Origin": {"ancestry_output_Origin_mcc": 0.7887570467088387, "ancestry_output_Origin_acc": 0.8266518188567187, "ancestry_output_Origin_roc-auc-macro": 0.9781717002569431, "ancestry_output_Origin_ap-macro": 0.8874675828548956, "ancestry_output_Origin_loss": 0.4739631712436676}}, "average": {"average": {"loss-average": 0.4739631712436676, "perf-average": 0.8847987766068924}}}