{"ancestry_output": {"Origin": {"ancestry_output_Origin_mcc": 0.7968341975932461, "ancestry_output_Origin_acc": 0.8338901262063846, "ancestry_output_Origin_roc-auc-macro": 0.9777850815507366, "ancestry_output_Origin_ap-macro": 0.8976124520003124, "ancestry_output_Origin_loss": 0.45995110273361206}}, "average": {"average": {"loss-average": 0.45995110273361206, "perf-average": 0.8907439103814317}}}