{"ancestry_output": {"Origin": {"ancestry_output_Origin_mcc": 0.8556127618946426, "ancestry_output_Origin_acc": 0.8810319227913883, "ancestry_output_Origin_roc-auc-macro": 0.9881069658153314, "ancestry_output_Origin_ap-macro": 0.9425304503144266, "ancestry_output_Origin_loss": 0.3327246904373169}}, "average": {"average": {"loss-average": 0.3327246904373169, "perf-average": 0.9287500593414669}}}