{"ancestry_output": {"Origin": {"ancestry_output_Origin_mcc": 0.8083454848339398, "ancestry_output_Origin_acc": 0.8422420193021529, "ancestry_output_Origin_roc-auc-macro": 0.9785967482473599, "ancestry_output_Origin_ap-macro": 0.9018593282884355, "ancestry_output_Origin_loss": 0.4393157958984375}}, "average": {"average": {"loss-average": 0.4393157958984375, "perf-average": 0.896267187123245}}}