{"ancestry_output": {"Origin": {"ancestry_output_Origin_mcc": 0.8737133375559296, "ancestry_output_Origin_acc": 0.8966221232368226, "ancestry_output_Origin_roc-auc-macro": 0.9888789446399321, "ancestry_output_Origin_ap-macro": 0.9429769802215945, "ancestry_output_Origin_loss": 0.3044101297855377}}, "average": {"average": {"loss-average": 0.3044101297855377, "perf-average": 0.9351897541391521}}}