{"ancestry_output": {"Origin": {"ancestry_output_Origin_mcc": 0.8119131278203632, "ancestry_output_Origin_acc": 0.8452115812917594, "ancestry_output_Origin_roc-auc-macro": 0.9780953941876048, "ancestry_output_Origin_ap-macro": 0.8865972360210007, "ancestry_output_Origin_loss": 0.44809746742248535}}, "average": {"average": {"loss-average": 0.44809746742248535, "perf-average": 0.8922019193429895}}}