{"ancestry_output": {"Origin": {"ancestry_output_Origin_mcc": 0.8119079384792254, "ancestry_output_Origin_acc": 0.8461395694135115, "ancestry_output_Origin_roc-auc-macro": 0.9782568454672194, "ancestry_output_Origin_ap-macro": 0.8939936682292816, "ancestry_output_Origin_loss": 0.45955684781074524}}, "average": {"average": {"loss-average": 0.45955684781074524, "perf-average": 0.8947194840585755}}}