{
    "result": [
        {
            "hot_dog_output": {
                "CLASS": {
                    "Hot Dog": 0.9788089394569397,
                    "Not Hot Dog": 0.021191056817770004
                }
            }
        },
        {
            "hot_dog_output": {
                "CLASS": {
                    "Hot Dog": 0.031090617179870605,
                    "Not Hot Dog": 0.9689093828201294
                }
            }
        }
    ]
}