{
    "result": [
        {
            "hot_dog_output": {
                "CLASS": {
                    "Hot Dog": 0.977412223815918,
                    "Not Hot Dog": 0.022587746381759644
                }
            }
        },
        {
            "hot_dog_output": {
                "CLASS": {
                    "Hot Dog": 0.01964622177183628,
                    "Not Hot Dog": 0.9803537726402283
                }
            }
        }
    ]
}