{
    "result": [
        {
            "hot_dog_output": {
                "CLASS": {
                    "Hot Dog": 0.9704081416130066,
                    "Not Hot Dog": 0.02959178201854229
                }
            }
        },
        {
            "hot_dog_output": {
                "CLASS": {
                    "Hot Dog": 0.04057237505912781,
                    "Not Hot Dog": 0.9594276547431946
                }
            }
        }
    ]
}