{
    "result": [
        {
            "hot_dog_output": {
                "CLASS": {
                    "Hot Dog": 0.9772770404815674,
                    "Not Hot Dog": 0.022722922265529633
                }
            }
        },
        {
            "hot_dog_output": {
                "CLASS": {
                    "Hot Dog": 0.011215618811547756,
                    "Not Hot Dog": 0.9887843132019043
                }
            }
        }
    ]
}