{
    "result": [
        {
            "hot_dog_output": {
                "CLASS": {
                    "Hot Dog": 0.9943284392356873,
                    "Not Hot Dog": 0.005671556107699871
                }
            }
        },
        {
            "hot_dog_output": {
                "CLASS": {
                    "Hot Dog": 0.013365757651627064,
                    "Not Hot Dog": 0.9866342544555664
                }
            }
        }
    ]
}