{
    "result": [
        {
            "hot_dog_output": {
                "CLASS": {
                    "Hot Dog": 0.9630666375160217,
                    "Not Hot Dog": 0.03693333640694618
                }
            }
        },
        {
            "hot_dog_output": {
                "CLASS": {
                    "Hot Dog": 0.03419807553291321,
                    "Not Hot Dog": 0.9658019542694092
                }
            }
        }
    ]
}