{
    "result": [
        {
            "hot_dog_output": {
                "CLASS": {
                    "Hot Dog": 0.990895688533783,
                    "Not Hot Dog": 0.009104340337216854
                }
            }
        },
        {
            "hot_dog_output": {
                "CLASS": {
                    "Hot Dog": 0.04518371447920799,
                    "Not Hot Dog": 0.9548162817955017
                }
            }
        }
    ]
}