{
    "result": [
        {
            "hot_dog_output": {
                "CLASS": {
                    "Hot Dog": 0.9960761666297913,
                    "Not Hot Dog": 0.0039237551391124725
                }
            }
        },
        {
            "hot_dog_output": {
                "CLASS": {
                    "Hot Dog": 0.01752437837421894,
                    "Not Hot Dog": 0.9824756383895874
                }
            }
        }
    ]
}