{
    "result": [
        {
            "hot_dog_output": {
                "CLASS": {
                    "Hot Dog": 0.9769687056541443,
                    "Not Hot Dog": 0.023031318560242653
                }
            }
        },
        {
            "hot_dog_output": {
                "CLASS": {
                    "Hot Dog": 0.045508310198783875,
                    "Not Hot Dog": 0.9544916152954102
                }
            }
        }
    ]
}