{"poker_prediction": {"CLASS": {"poker_prediction_CLASS_mcc": 0.9779737976121884, "poker_prediction_CLASS_acc": 0.9875449875449875, "poker_prediction_CLASS_roc-auc-macro": 0.9393450527858054, "poker_prediction_CLASS_ap-macro": 0.5814687783948818}}}