{"poker_prediction": {"CLASS": {"poker_prediction_CLASS_mcc": 0.9803188713056994, "poker_prediction_CLASS_acc": 0.9888639888639889, "poker_prediction_CLASS_roc-auc-macro": 0.936612711643669, "poker_prediction_CLASS_ap-macro": 0.55202169932093}}}