{"CLASS": {"CLASS_mcc": 0.9794823382516709, "CLASS_acc": 0.9883869883869884, "CLASS_roc-auc-macro": 0.9082133747230979, "CLASS_ap-macro": 0.49877241208022066}}