{"CLASS": {"CLASS_mcc": 0.9778208552429493, "CLASS_acc": 0.9874469874469874, "CLASS_roc-auc-macro": 0.9035068262822623, "CLASS_ap-macro": 0.4859152227688258}}