{
    "result": [
        {
            "ancestry_output": {
                "Origin": {
                    "Asia": 0.015435182489454746,
                    "Eastern_Asia": 0.003126966068521142,
                    "Europe": 0.8955368399620056,
                    "Latin_America_and_the_Caribbean": 0.016528597101569176,
                    "Middle_East": 0.06664276868104935,
                    "Sub-Saharan_Africa": 0.0027297146152704954
                }
            }
        },
        {
            "ancestry_output": {
                "Origin": {
                    "Asia": 0.0015249900752678514,
                    "Eastern_Asia": 0.00774523988366127,
                    "Europe": 0.002919111866503954,
                    "Latin_America_and_the_Caribbean": 0.010920929722487926,
                    "Middle_East": 0.010012505576014519,
                    "Sub-Saharan_Africa": 0.9668771624565125
                }
            }
        },
        {
            "ancestry_output": {
                "Origin": {
                    "Asia": 0.034582819789648056,
                    "Eastern_Asia": 0.0017725713551044464,
                    "Europe": 0.8446946740150452,
                    "Latin_America_and_the_Caribbean": 0.044501446187496185,
                    "Middle_East": 0.062216781079769135,
                    "Sub-Saharan_Africa": 0.012231716886162758
                }
            }
        }
    ]
}