{
    "result": [
        {
            "ancestry_output": {
                "Origin": {
                    "Asia": 0.004609887022525072,
                    "Eastern_Asia": 0.0018804902210831642,
                    "Europe": 0.9585850834846497,
                    "Latin_America_and_the_Caribbean": 0.0054173641838133335,
                    "Middle_East": 0.02842198871076107,
                    "Sub-Saharan_Africa": 0.0010851811384782195
                }
            }
        },
        {
            "ancestry_output": {
                "Origin": {
                    "Asia": 0.0033110585063695908,
                    "Eastern_Asia": 0.013518442399799824,
                    "Europe": 0.01036427728831768,
                    "Latin_America_and_the_Caribbean": 0.01872042939066887,
                    "Middle_East": 0.017404785379767418,
                    "Sub-Saharan_Africa": 0.9366810321807861
                }
            }
        },
        {
            "ancestry_output": {
                "Origin": {
                    "Asia": 0.039842139929533005,
                    "Eastern_Asia": 0.002414837945252657,
                    "Europe": 0.9052141904830933,
                    "Latin_America_and_the_Caribbean": 0.016990328207612038,
                    "Middle_East": 0.0287464652210474,
                    "Sub-Saharan_Africa": 0.006792101077735424
                }
            }
        }
    ]
}