{
    "result": [
        {
            "ancestry_output": {
                "Origin": {
                    "Asia": 0.0003440694708842784,
                    "Eastern_Asia": 0.0004150539461988956,
                    "Europe": 0.9882607460021973,
                    "Latin_America_and_the_Caribbean": 0.002403306309133768,
                    "Middle_East": 0.008341440930962563,
                    "Sub-Saharan_Africa": 0.0002354051248403266
                }
            }
        },
        {
            "ancestry_output": {
                "Origin": {
                    "Asia": 0.0011099367402493954,
                    "Eastern_Asia": 0.004895417019724846,
                    "Europe": 0.003085934789851308,
                    "Latin_America_and_the_Caribbean": 0.002904199995100498,
                    "Middle_East": 0.0056639257818460464,
                    "Sub-Saharan_Africa": 0.9823405742645264
                }
            }
        },
        {
            "ancestry_output": {
                "Origin": {
                    "Asia": 0.026631541550159454,
                    "Eastern_Asia": 0.0009836439276114106,
                    "Europe": 0.9324374198913574,
                    "Latin_America_and_the_Caribbean": 0.009485574439167976,
                    "Middle_East": 0.024992577731609344,
                    "Sub-Saharan_Africa": 0.005469240248203278
                }
            }
        }
    ]
}