{
    "result": [
        {
            "ancestry_output": {
                "Origin": {
                    "Asia": 0.0023356215097010136,
                    "Eastern_Asia": 0.0008239845628850162,
                    "Europe": 0.9492429494857788,
                    "Latin_America_and_the_Caribbean": 0.004104367457330227,
                    "Middle_East": 0.04305417835712433,
                    "Sub-Saharan_Africa": 0.0004388021770864725
                }
            }
        },
        {
            "ancestry_output": {
                "Origin": {
                    "Asia": 0.0015240120701491833,
                    "Eastern_Asia": 0.007212374825030565,
                    "Europe": 0.004591189790517092,
                    "Latin_America_and_the_Caribbean": 0.006085198372602463,
                    "Middle_East": 0.010926580056548119,
                    "Sub-Saharan_Africa": 0.9696606397628784
                }
            }
        },
        {
            "ancestry_output": {
                "Origin": {
                    "Asia": 0.07750794291496277,
                    "Eastern_Asia": 0.002621178515255451,
                    "Europe": 0.7558680176734924,
                    "Latin_America_and_the_Caribbean": 0.01658480614423752,
                    "Middle_East": 0.1322893351316452,
                    "Sub-Saharan_Africa": 0.01512875221669674
                }
            }
        }
    ]
}