{
    "result": [
        {
            "ancestry_output": {
                "Origin": {
                    "Asia": 0.01983393169939518,
                    "Eastern_Asia": 0.0012704726541414857,
                    "Europe": 0.8620039820671082,
                    "Latin_America_and_the_Caribbean": 0.008544898591935635,
                    "Middle_East": 0.10601409524679184,
                    "Sub-Saharan_Africa": 0.0023326713126152754
                }
            }
        },
        {
            "ancestry_output": {
                "Origin": {
                    "Asia": 0.0021338530350476503,
                    "Eastern_Asia": 0.006517849396914244,
                    "Europe": 0.006653491873294115,
                    "Latin_America_and_the_Caribbean": 0.02456481382250786,
                    "Middle_East": 0.015367639251053333,
                    "Sub-Saharan_Africa": 0.9447623491287231
                }
            }
        },
        {
            "ancestry_output": {
                "Origin": {
                    "Asia": 0.22242137789726257,
                    "Eastern_Asia": 0.001802230253815651,
                    "Europe": 0.4950845241546631,
                    "Latin_America_and_the_Caribbean": 0.015688905492424965,
                    "Middle_East": 0.2503822147846222,
                    "Sub-Saharan_Africa": 0.014620678499341011
                }
            }
        }
    ]
}