{
    "result": [
        {
            "flchain_prediction": {
                "event": {
                    "time_points": [
                        0.0,
                        521.5,
                        1043.0,
                        1564.5,
                        2086.0,
                        2607.5,
                        3129.0,
                        3650.5,
                        4172.0,
                        4693.5
                    ],
                    "survival_probs": [
                        0.9946708083152771,
                        0.9739656448364258,
                        0.9630329012870789,
                        0.9578489661216736,
                        0.9479295015335083,
                        0.9382162094116211,
                        0.8892793655395508,
                        0.8531079292297363,
                        0.8355057835578918,
                        0.8260446190834045
                    ]
                }
            }
        }
    ]
}