{
    "result": [
        {
            "flchain_prediction": {
                "event": {
                    "time_points": [
                        0.0,
                        521.5,
                        1043.0,
                        1564.5,
                        2086.0,
                        2607.5,
                        3129.0,
                        3650.5,
                        4172.0,
                        4693.5
                    ],
                    "survival_probs": [
                        0.9925664663314819,
                        0.9807582497596741,
                        0.9672822952270508,
                        0.9583005905151367,
                        0.9433322548866272,
                        0.9325846433639526,
                        0.8897845149040222,
                        0.8511253595352173,
                        0.8337864875793457,
                        0.8255472183227539
                    ]
                }
            }
        }
    ]
}