{
    "result": [
        {
            "flchain_prediction": {
                "event": {
                    "time_points": [
                        0.0,
                        521.5,
                        1043.0,
                        1564.5,
                        2086.0,
                        2607.5,
                        3129.0,
                        3650.5,
                        4172.0,
                        4693.5
                    ],
                    "survival_probs": [
                        0.9810311794281006,
                        0.9584589600563049,
                        0.9399266839027405,
                        0.9223890900611877,
                        0.9056223630905151,
                        0.8827736973762512,
                        0.8573147654533386,
                        0.8293294906616211,
                        0.810508668422699,
                        0.7965865135192871
                    ]
                }
            }
        }
    ]
}