{
    "result": [
        {
            "flchain_prediction": {
                "event": {
                    "time_bins": [
                        0.0,
                        521.5,
                        1043.0,
                        1564.5,
                        2086.0,
                        2607.5,
                        3129.0,
                        3650.5,
                        4172.0,
                        4693.5
                    ],
                    "survival_probs": [
                        0.9716190099716187,
                        0.9525631070137024,
                        0.9344277381896973,
                        0.9175954461097717,
                        0.9014057517051697,
                        0.8759861588478088,
                        0.8586840033531189,
                        0.8267815113067627,
                        0.805814266204834,
                        0.7938516139984131
                    ]
                }
            }
        }
    ]
}