{
    "result": [
        {
            "flchain_prediction": {
                "event": {
                    "time_points": [
                        0.0,
                        521.5,
                        1043.0,
                        1564.5,
                        2086.0,
                        2607.5,
                        3129.0,
                        3650.5,
                        4172.0,
                        4693.5
                    ],
                    "survival_probs": [
                        0.9813247919082642,
                        0.9555158019065857,
                        0.9338539242744446,
                        0.9176173210144043,
                        0.8990675806999207,
                        0.8757649660110474,
                        0.8529866933822632,
                        0.8193215727806091,
                        0.800256609916687,
                        0.7837970852851868
                    ]
                }
            }
        }
    ]
}