{
    "result": [
        {
            "flchain_prediction": {
                "event": {
                    "time_points": [
                        0.0,
                        521.5,
                        1043.0,
                        1564.5,
                        2086.0,
                        2607.5,
                        3129.0,
                        3650.5,
                        4172.0,
                        4693.5
                    ],
                    "survival_probs": [
                        0.971005380153656,
                        0.950607180595398,
                        0.9294481873512268,
                        0.9102892875671387,
                        0.8945361971855164,
                        0.8693197965621948,
                        0.8507428169250488,
                        0.817744791507721,
                        0.7961762547492981,
                        0.7841896414756775
                    ]
                }
            }
        }
    ]
}