{"flchain_prediction": {"event": {"flchain_prediction_event_c-index": 0.7738756537437439, "flchain_prediction_event_ibs": 0.08657760918140411, "flchain_prediction_event_td-cindex": 0.7697046399116516, "flchain_prediction_event_td-auc": 0.8238108158111572, "flchain_prediction_event_loss": 5.162746906280518}}, "average": {"average": {"loss-average": 5.162746906280518, "perf-average": 0.7738756537437439}}}