{"flchain_prediction": {"event": {"flchain_prediction_event_c-index": 0.7738756537437439, "flchain_prediction_event_ibs": 0.08657760173082352, "flchain_prediction_event_td-cindex": 0.7697046399116516, "flchain_prediction_event_td-auc": 0.8238108158111572, "flchain_prediction_event_loss": 5.304841041564941}}, "average": {"average": {"loss-average": 5.304841041564941, "perf-average": 0.7738756537437439}}}