{"flchain_prediction": {"event": {"flchain_prediction_event_c-index": 0.7738756286885484, "flchain_prediction_event_ibs": 0.09826480386911392, "flchain_prediction_event_td-cindex": 0.7697045005579151, "flchain_prediction_event_td-auc": 0.8208012047578096, "flchain_prediction_event_loss": 5.162746906280518}}, "average": {"average": {"loss-average": 5.162746906280518, "perf-average": 0.7738756286885484}}}