{"flchain_prediction": {"event": {"flchain_prediction_event_c-index": 0.7738756286885484, "flchain_prediction_event_loss": 5.162746906280518}}, "average": {"average": {"loss-average": 5.162746906280518, "perf-average": 0.7738756286885484}}}