{"flchain_prediction": {"event": {"flchain_prediction_event_c-index": 0.7740209902026339, "flchain_prediction_event_loss": 5.154660224914551}}, "average": {"average": {"loss-average": 5.154660224914551, "perf-average": 0.7740209902026339}}}