{"flchain_prediction": {"event": {"flchain_prediction_event_c-index": 0.7739337682723999, "flchain_prediction_event_ibs": 0.0854688510298729, "flchain_prediction_event_td-cindex": 0.770509660243988, "flchain_prediction_event_td-auc": 0.8255643844604492, "flchain_prediction_event_loss": 5.276368141174316}}, "average": {"average": {"loss-average": 5.276368141174316, "perf-average": 0.7739337682723999}}}