{
    "result": [
        {
            "imdb_output": {
                "Sentiment": {
                    "Negative": 0.024024387821555138,
                    "Positive": 0.9759756326675415
                }
            }
        }
    ]
}