{
    "result": [
        {
            "imdb_output": {
                "Sentiment": {
                    "Negative": 0.024440765380859375,
                    "Positive": 0.9755592942237854
                }
            }
        }
    ]
}