{
    "result": [
        {
            "imdb_output": {
                "Sentiment": {
                    "Negative": 0.02106555923819542,
                    "Positive": 0.9789344668388367
                }
            }
        }
    ]
}