{
    "result": [
        {
            "imdb_output": {
                "Sentiment": {
                    "Negative": 0.011156515218317509,
                    "Positive": 0.9888434410095215
                }
            }
        }
    ]
}