{
    "result": [
        {
            "imdb_output": {
                "Sentiment": {
                    "Negative": 0.027652757242321968,
                    "Positive": 0.9723472595214844
                }
            }
        }
    ]
}