{
    "result": [
        {
            "imdb_output": {
                "Sentiment": {
                    "Negative": 0.027850879356265068,
                    "Positive": 0.972149133682251
                }
            }
        }
    ]
}