{
    "result": [
        {
            "imdb_output": {
                "Sentiment": {
                    "Negative": 0.023639895021915436,
                    "Positive": 0.9763601422309875
                }
            }
        }
    ]
}