{
    "result": [
        {
            "imdb_output": {
                "Sentiment": {
                    "Negative": 0.059643134474754333,
                    "Positive": 0.9403569102287292
                }
            }
        }
    ]
}