{
    "result": [
        {
            "poker_prediction": {
                "CLASS": {
                    "0": 1.106741819967283e-06,
                    "1": 0.999990701675415,
                    "2": 8.104424523480702e-06,
                    "3": 4.697746192050545e-08,
                    "4": 1.5344136627959415e-08,
                    "5": 1.305533317008667e-07,
                    "6": 1.8207845231543729e-09,
                    "7": 2.679849397946299e-10,
                    "8": 1.6792171209090156e-08,
                    "9": 2.251038822009832e-08
                }
            }
        }
    ]
}