{
    "result": [
        {
            "poker_prediction": {
                "CLASS": {
                    "0": 5.243595637693943e-07,
                    "1": 0.9999790191650391,
                    "2": 1.355498739030736e-06,
                    "3": 2.4542127903259825e-06,
                    "4": 4.564642885895864e-09,
                    "5": 1.4259383533499204e-05,
                    "6": 5.6711115803409484e-09,
                    "7": 2.1171842057299273e-09,
                    "8": 2.3967595552676357e-06,
                    "9": 9.142865131650524e-09
                }
            }
        }
    ]
}