{
    "result": [
        {
            "poker_prediction": {
                "CLASS": {
                    "0": 1.7480498826216717e-08,
                    "1": 0.9999340772628784,
                    "2": 1.8288048522663303e-05,
                    "3": 3.7903782867942937e-06,
                    "4": 6.992189494070544e-09,
                    "5": 2.2649306629318744e-05,
                    "6": 3.958140926130227e-09,
                    "7": 8.772634174647465e-08,
                    "8": 2.106985994032584e-05,
                    "9": 3.241887114313613e-08
                }
            }
        }
    ]
}