{
    "result": [
        {
            "poker_prediction": {
                "CLASS": {
                    "0": 6.444558380280796e-07,
                    "1": 0.9999908208847046,
                    "2": 1.103165573113074e-06,
                    "3": 3.1106644371448056e-08,
                    "4": 1.684230888088223e-08,
                    "5": 1.7392145537087345e-06,
                    "6": 2.3641132454454983e-12,
                    "7": 3.793259803486215e-11,
                    "8": 5.639775281451875e-06,
                    "9": 7.646090871560318e-09
                }
            }
        }
    ]
}