{
    "result": [
        {
            "poker_prediction": {
                "CLASS": {
                    "0": 3.8413454639396605e-09,
                    "1": 0.9999964237213135,
                    "2": 2.8942279186594533e-06,
                    "3": 6.304654220912198e-07,
                    "4": 5.131337195429797e-12,
                    "5": 1.3689251510129452e-08,
                    "6": 1.3278343702349815e-10,
                    "7": 2.5099328865296755e-11,
                    "8": 2.2613148686900786e-08,
                    "9": 8.275274215874262e-11
                }
            }
        }
    ]
}