{
    "result": [
        {
            "imdb_output": {
                "Sentiment": {
                    "Negative": 0.6910417675971985,
                    "Positive": 0.3089582324028015
                }
            }
        },
        {
            "imdb_output": {
                "Sentiment": {
                    "Negative": 0.24457038938999176,
                    "Positive": 0.7554296255111694
                }
            }
        }
    ]
}