{
    "result": [
        {
            "imdb_output": {
                "Sentiment": {
                    "Negative": 0.6905774474143982,
                    "Positive": 0.3094225525856018
                }
            }
        },
        {
            "imdb_output": {
                "Sentiment": {
                    "Negative": 0.18255534768104553,
                    "Positive": 0.8174446225166321
                }
            }
        }
    ]
}