{
    "result": [
        {
            "imdb_output": {
                "Sentiment": {
                    "Negative": 0.7311949729919434,
                    "Positive": 0.26880505681037903
                }
            }
        },
        {
            "imdb_output": {
                "Sentiment": {
                    "Negative": 0.16675865650177002,
                    "Positive": 0.83324134349823
                }
            }
        }
    ]
}