{
    "result": [
        {
            "imdb_output": {
                "Sentiment": {
                    "Negative": 0.37855562567710876,
                    "Positive": 0.6214444041252136
                }
            }
        },
        {
            "imdb_output": {
                "Sentiment": {
                    "Negative": 0.1312161386013031,
                    "Positive": 0.8687838912010193
                }
            }
        }
    ]
}