{
    "result": [
        {
            "imdb_output": {
                "Sentiment": {
                    "Negative": 0.6372302770614624,
                    "Positive": 0.3627696633338928
                }
            }
        },
        {
            "imdb_output": {
                "Sentiment": {
                    "Negative": 0.23877400159835815,
                    "Positive": 0.7612259984016418
                }
            }
        }
    ]
}