{
    "result": [
        {
            "imdb_output": {
                "Sentiment": {
                    "Negative": 0.5625206828117371,
                    "Positive": 0.43747928738594055
                }
            }
        },
        {
            "imdb_output": {
                "Sentiment": {
                    "Negative": 0.14376649260520935,
                    "Positive": 0.856233537197113
                }
            }
        }
    ]
}