{
    "result": [
        {
            "imdb_output": {
                "Sentiment": {
                    "Negative": 0.5796317458152771,
                    "Positive": 0.4203682839870453
                }
            }
        },
        {
            "imdb_output": {
                "Sentiment": {
                    "Negative": 0.20635055005550385,
                    "Positive": 0.793649435043335
                }
            }
        }
    ]
}