{
    "result": [
        {
            "imdb_output": {
                "Sentiment": {
                    "Negative": 0.6736398339271545,
                    "Positive": 0.32636019587516785
                }
            }
        },
        {
            "imdb_output": {
                "Sentiment": {
                    "Negative": 0.20300568640232086,
                    "Positive": 0.7969942688941956
                }
            }
        }
    ]
}