{
    "result": [
        {
            "imdb_output": {
                "Sentiment": {
                    "Negative": 0.6879013180732727,
                    "Positive": 0.3120986819267273
                }
            }
        },
        {
            "imdb_output": {
                "Sentiment": {
                    "Negative": 0.20092955231666565,
                    "Positive": 0.7990704774856567
                }
            }
        }
    ]
}